Date,Open,High,Low,Close,Adj Close,Volume
2015-01-05,202.52,202.52,202.52,202.52,202.52,36301200
2015-01-06,197.83,197.83,197.83,197.83,197.83,36301200
2015-01-07,192.94,192.94,192.94,192.94,192.94,36301200
2015-01-08,191.76,191.76,191.76,191.76,191.76,36301200
2015-01-09,190.31,190.31,190.31,190.31,190.31,36301200
2015-01-12,186.43,186.43,186.43,186.43,186.43,36301200
2015-01-13,184.88,184.88,184.88,184.88,184.88,36301200
2015-01-14,183.18,183.18,183.18,183.18,183.18,36301200
2015-01-15,186.07,186.07,186.07,186.07,186.07,36301200
2015-01-16,186.11,186.11,186.11,186.11,186.11,36301200
2015-01-19,175.48,175.48,175.48,175.48,175.48,36301200
2015-01-20,178.08,178.08,178.08,178.08,178.08,36301200
2015-01-21,182.36,182.36,182.36,182.36,182.36,36301200
2015-01-22,181.23,181.23,181.23,181.23,181.23,36301200
2015-01-23,181.02,181.02,181.02,181.02,181.02,36301200
2015-01-26,182.8,182.8,182.8,182.8,182.8,36301200
2015-01-27,180.11,180.11,180.11,180.11,180.11,36301200
2015-01-28,177.47,177.47,177.47,177.47,177.47,36301200
2015-01-29,176.15,176.15,176.15,176.15,176.15,36301200
2015-01-30,177.18,177.18,177.18,177.18,177.18,36301200
2015-02-02,174.82,174.82,174.82,174.82,174.82,36301200
2015-02-03,178.37,178.37,178.37,178.37,178.37,36301200
2015-02-04,177.25,177.25,177.25,177.25,177.25,36301200
2015-02-05,174.05,174.05,174.05,174.05,174.05,36301200
2015-02-06,174.6,174.6,174.6,174.6,174.6,36301200
2015-02-09,184.3,184.3,184.3,184.3,184.3,36301200
2015-02-10,182.88,182.88,182.88,182.88,182.88,36301200
2015-02-11,183.15,183.15,183.15,183.15,183.15,36301200
2015-02-12,183.57,183.57,183.57,183.57,183.57,36301200
2015-02-13,182.49,182.49,182.49,182.49,182.49,36301200
2015-02-16,183.31,183.31,183.31,183.31,183.31,36301200
2015-02-17,182.22,182.22,182.22,182.22,182.22,36301200
2015-02-25,183.96,183.96,183.96,183.96,183.96,36301200
2015-02-26,186.64,186.64,186.64,186.64,186.64,36301200
2015-02-27,191.05,191.05,191.05,191.05,191.05,36301200
2015-03-02,190.73,190.73,190.73,190.73,190.73,36301200
2015-03-03,185.95,185.95,185.95,185.95,185.95,36301200
2015-03-04,187.19,187.19,187.19,187.19,187.19,36301200
2015-03-05,185.52,185.52,185.52,185.52,185.52,36301200
2015-03-06,183.62,183.62,183.62,183.62,183.62,36301200
2015-03-09,191.56,191.56,191.56,191.56,191.56,36301200
2015-03-10,187.83,187.83,187.83,187.83,187.83,36301200
2015-03-11,191.98,191.98,191.98,191.98,191.98,36301200
2015-03-12,192.75,192.75,192.75,192.75,192.75,36301200
2015-03-13,189.91,189.91,189.91,189.91,189.91,36301200
2015-03-16,193.76,193.76,193.76,193.76,193.76,36301200
2015-03-17,196.77,196.77,196.77,196.77,196.77,36301200
2015-03-18,199.45,199.45,199.45,199.45,199.45,36301200
2015-03-19,195.28,195.28,195.28,195.28,195.28,36301200
2015-03-20,193.15,193.15,193.15,193.15,193.15,36301200
2015-03-23,195.08,195.08,195.08,195.08,195.08,36301200
2015-03-24,195.69,195.69,195.69,195.69,195.69,36301200
2015-03-25,192.78,192.78,192.78,192.78,192.78,36301200
2015-03-26,198.56,198.56,198.56,198.56,198.56,36301200
2015-03-27,194.55,194.55,194.55,194.55,194.55,36301200
2015-03-30,196.77,196.77,196.77,196.77,196.77,36301200
2015-03-31,195.96,195.96,195.96,195.96,195.96,36301200
2015-04-01,195.34,195.34,195.34,195.34,195.34,36301200
2015-04-02,194.58,194.58,194.58,194.58,194.58,36301200
2015-04-03,196.81,196.81,196.81,196.81,196.81,36301200
2015-04-07,200.67,200.67,200.67,200.67,200.67,36301200
2015-04-08,204.5,204.5,204.5,204.5,204.5,36301200
2015-04-09,200,200,200,200,200,36301200
2015-04-10,200.22,200.22,200.22,200.22,200.22,36301200
2015-04-13,203.9,203.9,203.9,203.9,203.9,36301200
2015-04-14,206,206,206,206,206,36301200
2015-04-15,205.7,205.7,205.7,205.7,205.7,36301200
2015-04-16,226.27,226.27,226.27,226.27,226.27,36301200
2015-04-17,232.56,232.56,232.56,232.56,232.56,36301200
2015-04-20,234.03,234.03,234.03,234.03,234.03,36301200
2015-04-21,257.43,257.43,257.43,257.43,257.43,36301200
2015-04-22,263.89,263.89,263.89,263.89,263.89,36301200
2015-04-23,256.04,256.04,256.04,256.04,256.04,36301200
2015-04-24,258.49,258.49,258.49,258.49,258.49,36301200
2015-04-27,255.79,255.79,255.79,255.79,255.79,36301200
2015-04-28,247.89,247.89,247.89,247.89,247.89,36301200
2015-04-29,249.78,249.78,249.78,249.78,249.78,36301200
2015-04-30,252.23,252.23,252.23,252.23,252.23,36301200
2015-05-04,254.97,254.97,254.97,254.97,254.97,36301200
2015-05-05,240.95,240.95,240.95,240.95,240.95,36301200
2015-05-06,242.68,242.68,242.68,242.68,242.68,36301200
2015-05-07,244.93,244.93,244.93,244.93,244.93,36301200
2015-05-08,254.17,254.17,254.17,254.17,254.17,36301200
2015-05-11,257.44,257.44,257.44,257.44,257.44,36301200
2015-05-12,254.42,254.42,254.42,254.42,254.42,36301200
2015-05-13,256.4,256.4,256.4,256.4,256.4,36301200
2015-05-14,251.41,251.41,251.41,251.41,251.41,36301200
2015-05-15,245.17,245.17,245.17,245.17,245.17,36301200
2015-05-18,241.14,241.14,241.14,241.14,241.14,36301200
2015-05-19,250.04,250.04,250.04,250.04,250.04,36301200
2015-05-20,253.95,253.95,253.95,253.95,253.95,36301200
2015-05-21,258.59,258.59,258.59,258.59,258.59,36301200
2015-05-22,275.86,275.86,275.86,275.86,275.86,36301200
2015-05-25,286.83,286.83,286.83,286.83,286.83,36301200
2015-05-26,285.54,285.54,285.54,285.54,285.54,36301200
2015-05-27,276.9,276.9,276.9,276.9,276.9,36301200
2015-05-28,261.11,261.11,261.11,261.11,261.11,36301200
2015-05-29,263.83,263.83,263.83,263.83,263.83,36301200
2015-06-01,271.46,271.46,271.46,271.46,271.46,36301200
2015-06-02,266.62,266.62,266.62,266.62,266.62,36301200
2015-06-03,262.79,262.79,262.79,262.79,262.79,36301200
2015-06-04,258.21,258.21,258.21,258.21,258.21,36301200
2015-06-05,253.84,253.84,253.84,253.84,253.84,36301200
2015-06-08,264.64,264.64,264.64,264.64,264.64,36301200
2015-06-09,259.03,259.03,259.03,259.03,259.03,36301200
2015-06-10,261.05,261.05,261.05,261.05,261.05,36301200
2015-06-11,260.06,260.06,260.06,260.06,260.06,36301200
2015-06-12,266,266,266,266,266,36301200
2015-06-15,260.89,260.89,260.89,260.89,260.89,36301200
2015-06-16,253.95,253.95,253.95,253.95,253.95,36301200
2015-06-17,255.09,255.09,255.09,255.09,255.09,36301200
2015-06-18,243.97,243.97,243.97,243.97,243.97,36301200
2015-06-19,235.31,235.31,235.31,235.31,235.31,36301200
2015-06-23,252.25,252.25,252.25,252.25,252.25,36301200
2015-06-24,261.21,261.21,261.21,261.21,261.21,36301200
2015-06-25,251.79,251.79,251.79,251.79,251.79,36301200
2015-06-26,242.45,242.45,242.45,242.45,242.45,36301200
2015-06-29,246.64,246.64,246.64,246.64,246.64,36301200
2015-06-30,257.65,257.65,257.65,257.65,257.65,36301200
2015-07-01,257.49,257.49,257.49,257.49,257.49,36301200
2015-07-02,260.3,260.3,260.3,260.3,260.3,36301200
2015-07-03,249.81,249.81,249.81,249.81,249.81,36301200
2015-07-06,254.04,254.04,254.04,254.04,254.04,36301200
2015-07-07,244.18,244.18,244.18,244.18,244.18,36301200
2015-07-08,236.86,236.86,236.86,236.86,236.86,36301200
2015-07-09,257.94,257.94,257.94,257.94,257.94,36301200
2015-07-10,265.59,265.59,265.59,265.59,265.59,36301200
2015-07-13,257.75,257.75,257.75,257.75,257.75,36301200
2015-07-14,249.05,249.05,249.05,249.05,249.05,36301200
2015-07-15,251.26,251.26,251.26,251.26,251.26,36301200
2015-07-16,251.59,251.59,251.59,251.59,251.59,36301200
2015-07-17,228.29,228.29,228.29,228.29,228.29,36301200
2015-07-20,225.11,225.11,225.11,225.11,225.11,36301200
2015-07-21,221.66,221.66,221.66,221.66,221.66,36301200
2015-07-22,217.13,217.13,217.13,217.13,217.13,36301200
2015-07-23,219.54,219.54,219.54,219.54,219.54,36301200
2015-07-24,219.21,219.21,219.21,219.21,219.21,36301200
2015-07-27,201.52,201.52,201.52,201.52,201.52,36301200
2015-07-28,205.83,205.83,205.83,205.83,205.83,36301200
2015-07-29,207.74,207.74,207.74,207.74,207.74,36301200
2015-07-30,205.96,205.96,205.96,205.96,205.96,36301200
2015-07-31,206.83,206.83,206.83,206.83,206.83,36301200
2015-08-03,209.56,209.56,209.56,209.56,209.56,36301200
2015-08-04,211.97,211.97,211.97,211.97,211.97,36301200
2015-08-05,207.19,207.19,207.19,207.19,207.19,36301200
2015-08-06,204.96,204.96,204.96,204.96,204.96,36301200
2015-08-07,206.93,206.93,206.93,206.93,206.93,36301200
2015-08-10,212.3,212.3,212.3,212.3,212.3,36301200
2015-08-11,210.75,210.75,210.75,210.75,210.75,36301200
2015-08-12,209.47,209.47,209.47,209.47,209.47,36301200
2015-08-13,209.51,209.51,209.51,209.51,209.51,36301200
2015-08-14,209.98,209.98,209.98,209.98,209.98,36301200
2015-08-17,206.22,206.22,206.22,206.22,206.22,36301200
2015-08-18,201.06,201.06,201.06,201.06,201.06,36301200
2015-08-19,201.62,201.62,201.62,201.62,201.62,36301200
2015-08-20,195.07,195.07,195.07,195.07,195.07,36301200
2015-08-21,186.33,186.33,186.33,186.33,186.33,36301200
2015-08-24,169.64,169.64,169.64,169.64,169.64,36301200
2015-08-25,176.59,176.59,176.59,176.59,176.59,36301200
2015-08-26,183.88,183.88,183.88,183.88,183.88,36301200
2015-08-27,197.07,197.07,197.07,197.07,197.07,36301200
2015-08-28,192.65,192.65,192.65,192.65,192.65,36301200
2015-08-31,195.37,195.37,195.37,195.37,195.37,36301200
2015-09-01,194.37,194.37,194.37,194.37,194.37,36301200
2015-09-02,194.61,194.61,194.61,194.61,194.61,36301200
2015-09-07,188.71,188.71,188.71,188.71,188.71,36301200
2015-09-08,189.32,189.32,189.32,189.32,189.32,36301200
2015-09-09,191.86,191.86,191.86,191.86,191.86,36301200
2015-09-10,193.21,193.21,193.21,193.21,193.21,36301200
2015-09-11,192.91,192.91,192.91,192.91,192.91,36301200
2015-09-14,202.53,202.53,202.53,202.53,202.53,36301200
2015-09-15,202,202,202,202,202,36301200
2015-09-16,204.55,204.55,204.55,204.55,204.55,36301200
2015-09-17,198,198,198,198,198,36301200
2015-09-18,199.43,199.43,199.43,199.43,199.43,36301200
2015-09-21,199.3,199.3,199.3,199.3,199.3,36301200
2015-09-22,199.27,199.27,199.27,199.27,199.27,36301200
2015-09-23,194.72,194.72,194.72,194.72,194.72,36301200
2015-09-24,194,194,194,194,194,36301200
2015-09-25,193.46,193.46,193.46,193.46,193.46,36301200
2015-09-28,191.38,191.38,191.38,191.38,191.38,36301200
2015-09-29,190.17,190.17,190.17,190.17,190.17,36301200
2015-09-30,190.31,190.31,190.31,190.31,190.31,36301200
2015-10-08,197.52,197.52,197.52,197.52,197.52,36301200
2015-10-09,196.95,196.95,196.95,196.95,196.95,36301200
2015-10-12,198.09,198.09,198.09,198.09,198.09,36301200
2015-10-13,198.74,198.74,198.74,198.74,198.74,36301200
2015-10-14,197.83,197.83,197.83,197.83,197.83,36301200
2015-10-15,199.99,199.99,199.99,199.99,199.99,36301200
2015-10-16,200.74,200.74,200.74,200.74,200.74,36301200
2015-10-19,202.72,202.72,202.72,202.72,202.72,36301200
2015-10-20,201.97,201.97,201.97,201.97,201.97,36301200
2015-10-21,200.31,200.31,200.31,200.31,200.31,36301200
2015-10-22,202.53,202.53,202.53,202.53,202.53,36301200
2015-10-23,210.98,210.98,210.98,210.98,210.98,36301200
2015-10-26,217.73,217.73,217.73,217.73,217.73,36301200
2015-10-27,215.25,215.25,215.25,215.25,215.25,36301200
2015-10-28,212.44,212.44,212.44,212.44,212.44,36301200
2015-10-29,213,213,213,213,213,36301200
2015-10-30,213.86,213.86,213.86,213.86,213.86,36301200
2015-11-02,212.56,212.56,212.56,212.56,212.56,36301200
2015-11-03,209.71,209.71,209.71,209.71,209.71,36301200
2015-11-04,214.98,214.98,214.98,214.98,214.98,36301200
2015-11-05,216.56,216.56,216.56,216.56,216.56,36301200
2015-11-06,218.42,218.42,218.42,218.42,218.42,36301200
2015-11-09,220.83,220.83,220.83,220.83,220.83,36301200
2015-11-10,222.38,222.38,222.38,222.38,222.38,36301200
2015-11-11,220.15,220.15,220.15,220.15,220.15,36301200
2015-11-12,220.01,220.01,220.01,220.01,220.01,36301200
2015-11-13,215.11,215.11,215.11,215.11,215.11,36301200
2015-11-16,213.78,213.78,213.78,213.78,213.78,36301200
2015-11-17,214.36,214.36,214.36,214.36,214.36,36301200
2015-11-18,214.66,214.66,214.66,214.66,214.66,36301200
2015-11-19,215.03,215.03,215.03,215.03,215.03,36301200
2015-11-20,213.72,213.72,213.72,213.72,213.72,36301200
2015-11-23,212.62,212.62,212.62,212.62,212.62,36301200
2015-11-24,211.69,211.69,211.69,211.69,211.69,36301200
2015-11-25,212.98,212.98,212.98,212.98,212.98,36301200
2015-11-26,212.84,212.84,212.84,212.84,212.84,36301200
2015-11-27,207.74,207.74,207.74,207.74,207.74,36301200
2015-11-30,214.31,214.31,214.31,214.31,214.31,36301200
2015-12-01,213.8,213.8,213.8,213.8,213.8,36301200
2015-12-02,221.58,221.58,221.58,221.58,221.58,36301200
2015-12-03,220.2,220.2,220.2,220.2,220.2,36301200
2015-12-04,215.31,215.31,215.31,215.31,215.31,36301200
2015-12-07,214.51,214.51,214.51,214.51,214.51,36301200
2015-12-08,211.94,211.94,211.94,211.94,211.94,36301200
2015-12-09,214.47,214.47,214.47,214.47,214.47,36301200
2015-12-10,212.96,212.96,212.96,212.96,212.96,36301200
2015-12-11,211.41,211.41,211.41,211.41,211.41,36301200
2015-12-14,214.1,214.1,214.1,214.1,214.1,36301200
2015-12-15,214.51,214.51,214.51,214.51,214.51,36301200
2015-12-16,213.91,213.91,213.91,213.91,213.91,36301200
2015-12-17,215.86,215.86,215.86,215.86,215.86,36301200
2015-12-18,216.88,216.88,216.88,216.88,216.88,36301200
2015-12-21,227.03,227.03,227.03,227.03,227.03,36301200
2015-12-22,225.03,225.03,225.03,225.03,225.03,36301200
2015-12-23,223,223,223,223,223,36301200
2015-12-24,224.78,224.78,224.78,224.78,224.78,36301200
2015-12-25,224.5,224.5,224.5,224.5,224.5,36301200
2015-12-28,219.12,219.12,219.12,219.12,219.12,36301200
2015-12-29,219.83,219.83,219.83,219.83,219.83,36301200
2015-12-30,218.86,218.86,218.86,218.86,218.86,36301200
2015-12-31,218.19,218.19,218.19,218.19,218.19,36301200
2016-01-04,210.02,210.02,210.02,210.02,210.02,36301200
2016-01-05,212.82,212.82,212.82,212.82,212.82,36301200
2016-01-06,212.18,212.18,212.18,212.18,212.18,36301200
2016-01-07,202.23,202.23,202.23,202.23,202.23,36301200
2016-01-08,204.63,204.63,204.63,204.63,204.63,36301200
2016-01-11,199.86,199.86,199.86,199.86,199.86,36301200
2016-01-12,196.79,196.79,196.79,196.79,196.79,36301200
2016-01-13,199.78,199.78,199.78,199.78,199.78,36301200
2016-01-14,204.82,204.82,204.82,204.82,204.82,36301200
2016-01-15,199,199,199,199,199,36301200
2016-01-18,199.43,199.43,199.43,199.43,199.43,36301200
2016-01-19,210.24,210.24,210.24,210.24,210.24,36301200
2016-01-20,202.32,202.32,202.32,202.32,202.32,36301200
2016-01-21,200.26,200.26,200.26,200.26,200.26,36301200
2016-01-22,202.74,202.74,202.74,202.74,202.74,36301200
2016-01-25,202.77,202.77,202.77,202.77,202.77,36301200
2016-01-26,199.01,199.01,199.01,199.01,199.01,36301200
2016-01-27,199.93,199.93,199.93,199.93,199.93,36301200
2016-01-28,196.64,196.64,196.64,196.64,196.64,36301200
2016-01-29,200.65,200.65,200.65,200.65,200.65,36301200
2016-02-01,201.29,201.29,201.29,201.29,201.29,36301200
2016-02-02,204.55,204.55,204.55,204.55,204.55,36301200
2016-02-03,203.66,203.66,203.66,203.66,203.66,36301200
2016-02-04,204.99,204.99,204.99,204.99,204.99,36301200
2016-02-05,203.87,203.87,203.87,203.87,203.87,36301200
2016-02-15,200.41,200.41,200.41,200.41,200.41,36301200
2016-02-16,203.92,203.92,203.92,203.92,203.92,36301200
2016-02-17,202.3,202.3,202.3,202.3,202.3,36301200
2016-02-18,201.71,201.71,201.71,201.71,201.71,36301200
2016-02-19,203.11,203.11,203.11,203.11,203.11,36301200
2016-02-22,207.8,207.8,207.8,207.8,207.8,36301200
2016-02-23,212.41,212.41,212.41,212.41,212.41,36301200
2016-02-24,217.74,217.74,217.74,217.74,217.74,36301200
2016-02-25,212.41,212.41,212.41,212.41,212.41,36301200
2016-02-26,216.84,216.84,216.84,216.84,216.84,36301200
2016-02-29,214.91,214.91,214.91,214.91,214.91,36301200
2016-03-01,218.42,218.42,218.42,218.42,218.42,36301200
2016-03-02,224.22,224.22,224.22,224.22,224.22,36301200
2016-03-03,227.81,227.81,227.81,227.81,227.81,36301200
2016-03-04,238.78,238.78,238.78,238.78,238.78,36301200
2016-03-07,233.64,233.64,233.64,233.64,233.64,36301200
2016-03-08,229.21,229.21,229.21,229.21,229.21,36301200
2016-03-09,227.44,227.44,227.44,227.44,227.44,36301200
2016-03-10,228.06,228.06,228.06,228.06,228.06,36301200
2016-03-11,228.05,228.05,228.05,228.05,228.05,36301200
2016-03-14,224.57,224.57,224.57,224.57,224.57,36301200
2016-03-15,231.92,231.92,231.92,231.92,231.92,36301200
2016-03-16,228.61,228.61,228.61,228.61,228.61,36301200
2016-03-17,229.56,229.56,229.56,229.56,229.56,36301200
2016-03-18,226,226,226,226,226,36301200
2016-03-21,231.98,231.98,231.98,231.98,231.98,36301200
2016-03-22,234.49,234.49,234.49,234.49,234.49,36301200
2016-03-23,234.97,234.97,234.97,234.97,234.97,36301200
2016-03-24,242.66,242.66,242.66,242.66,242.66,36301200
2016-03-25,244.98,244.98,244.98,244.98,244.98,36301200
2016-03-28,249.58,249.58,249.58,249.58,249.58,36301200
2016-03-29,248.11,248.11,248.11,248.11,248.11,36301200
2016-03-30,248.66,248.66,248.66,248.66,248.66,36301200
2016-03-31,247.64,247.64,247.64,247.64,247.64,36301200
2016-04-01,245.09,245.09,245.09,245.09,245.09,36301200
2016-04-05,245.52,245.52,245.52,245.52,245.52,36301200
2016-04-06,257.21,257.21,257.21,257.21,257.21,36301200
2016-04-07,254.11,254.11,254.11,254.11,254.11,36301200
2016-04-08,249.86,249.86,249.86,249.86,249.86,36301200
2016-04-11,243.72,243.72,243.72,243.72,243.72,36301200
2016-04-12,244.92,244.92,244.92,244.92,244.92,36301200
2016-04-13,242.24,242.24,242.24,242.24,242.24,36301200
2016-04-14,242.76,242.76,242.76,242.76,242.76,36301200
2016-04-15,244.9,244.9,244.9,244.9,244.9,36301200
2016-04-18,243.68,243.68,243.68,243.68,243.68,36301200
2016-04-19,243.18,243.18,243.18,243.18,243.18,36301200
2016-04-20,238.44,238.44,238.44,238.44,238.44,36301200
2016-04-21,240.37,240.37,240.37,240.37,240.37,36301200
2016-04-22,247.4,247.4,247.4,247.4,247.4,36301200
2016-04-25,244.52,244.52,244.52,244.52,244.52,36301200
2016-04-26,243.86,243.86,243.86,243.86,243.86,36301200
2016-04-27,244.88,244.88,244.88,244.88,244.88,36301200
2016-04-28,246.44,246.44,246.44,246.44,246.44,36301200
2016-04-29,251.2,251.2,251.2,251.2,251.2,36301200
2016-05-03,260,260,260,260,260,36301200
2016-05-04,256.21,256.21,256.21,256.21,256.21,36301200
2016-05-05,257.77,257.77,257.77,257.77,257.77,36301200
2016-05-06,252.22,252.22,252.22,252.22,252.22,36301200
2016-05-09,250.82,250.82,250.82,250.82,250.82,36301200
2016-05-10,252.08,252.08,252.08,252.08,252.08,36301200
2016-05-11,256.87,256.87,256.87,256.87,256.87,36301200
2016-05-12,255.96,255.96,255.96,255.96,255.96,36301200
2016-05-13,250.96,250.96,250.96,250.96,250.96,36301200
2016-05-16,251.63,251.63,251.63,251.63,251.63,36301200
2016-05-17,250.03,250.03,250.03,250.03,250.03,36301200
2016-05-18,244.44,244.44,244.44,244.44,244.44,36301200
2016-05-19,245.77,245.77,245.77,245.77,245.77,36301200
2016-05-20,251.26,251.26,251.26,251.26,251.26,36301200
2016-05-23,254.2,254.2,254.2,254.2,254.2,36301200
2016-05-24,251.94,251.94,251.94,251.94,251.94,36301200
2016-05-25,251.86,251.86,251.86,251.86,251.86,36301200
2016-05-26,252.71,252.71,252.71,252.71,252.71,36301200
2016-05-27,252.44,252.44,252.44,252.44,252.44,36301200
2016-05-30,256.13,256.13,256.13,256.13,256.13,36301200
2016-05-31,264.47,264.47,264.47,264.47,264.47,36301200
2016-06-01,263.79,263.79,263.79,263.79,263.79,36301200
2016-06-02,267.74,267.74,267.74,267.74,267.74,36301200
2016-06-03,283.89,283.89,283.89,283.89,283.89,36301200
2016-06-06,276.05,276.05,276.05,276.05,276.05,36301200
2016-06-07,277.85,277.85,277.85,277.85,277.85,36301200
2016-06-08,274.28,274.28,274.28,274.28,274.28,36301200
2016-06-13,267.06,267.06,267.06,267.06,267.06,36301200
2016-06-14,272.75,272.75,272.75,272.75,272.75,36301200
2016-06-15,276.49,276.49,276.49,276.49,276.49,36301200
2016-06-16,274.02,274.02,274.02,274.02,274.02,36301200
2016-06-17,278.26,278.26,278.26,278.26,278.26,36301200
2016-06-20,276.11,276.11,276.11,276.11,276.11,36301200
2016-06-21,273.81,273.81,273.81,273.81,273.81,36301200
2016-06-22,278.44,278.44,278.44,278.44,278.44,36301200
2016-06-23,276.44,276.44,276.44,276.44,276.44,36301200
2016-06-24,273.77,273.77,273.77,273.77,273.77,36301200
2016-06-27,287.68,287.68,287.68,287.68,287.68,36301200
2016-06-28,288.21,288.21,288.21,288.21,288.21,36301200
2016-06-29,288.18,288.18,288.18,288.18,288.18,36301200
2016-06-30,291.92,291.92,291.92,291.92,291.92,36301200
2016-07-01,286.17,286.17,286.17,286.17,286.17,36301200
2016-07-04,293.9,293.9,293.9,293.9,293.9,36301200
2016-07-05,300.58,300.58,300.58,300.58,300.58,36301200
2016-07-06,317.19,317.19,317.19,317.19,317.19,36301200
2016-07-07,316.91,316.91,316.91,316.91,316.91,36301200
2016-07-08,309.91,309.91,309.91,309.91,309.91,36301200
2016-07-11,315.14,315.14,315.14,315.14,315.14,36301200
2016-07-12,324.73,324.73,324.73,324.73,324.73,36301200
2016-07-13,317.19,317.19,317.19,317.19,317.19,36301200
2016-07-14,317.09,317.09,317.09,317.09,317.09,36301200
2016-07-15,317.52,317.52,317.52,317.52,317.52,36301200
2016-07-18,316.21,316.21,316.21,316.21,316.21,36301200
2016-07-19,308.11,308.11,308.11,308.11,308.11,36301200
2016-07-20,308.56,308.56,308.56,308.56,308.56,36301200
2016-07-21,314.38,314.38,314.38,314.38,314.38,36301200
2016-07-22,307.92,307.92,307.92,307.92,307.92,36301200
2016-07-25,311.26,311.26,311.26,311.26,311.26,36301200
2016-07-26,319.04,319.04,319.04,319.04,319.04,36301200
2016-07-27,314.01,314.01,314.01,314.01,314.01,36301200
2016-07-28,316.05,316.05,316.05,316.05,316.05,36301200
2016-07-29,313.15,313.15,313.15,313.15,313.15,36301200
2016-08-01,306.96,306.96,306.96,306.96,306.96,36301200
2016-08-02,306.21,306.21,306.21,306.21,306.21,36301200
2016-08-03,306.82,306.82,306.82,306.82,306.82,36301200
2016-08-04,306.3,306.3,306.3,306.3,306.3,36301200
2016-08-05,305.93,305.93,305.93,305.93,305.93,36301200
2016-08-08,308.1,308.1,308.1,308.1,308.1,36301200
2016-08-09,315.75,315.75,315.75,315.75,315.75,36301200
2016-08-10,313.81,313.81,313.81,313.81,313.81,36301200
2016-08-11,316.77,316.77,316.77,316.77,316.77,36301200
2016-08-12,316.97,316.97,316.97,316.97,316.97,36301200
2016-08-15,318.78,318.78,318.78,318.78,318.78,36301200
2016-08-16,309.52,309.52,309.52,309.52,309.52,36301200
2016-08-17,308.16,308.16,308.16,308.16,308.16,36301200
2016-08-18,306.43,306.43,306.43,306.43,306.43,36301200
2016-08-19,306.48,306.48,306.48,306.48,306.48,36301200
2016-08-22,307.32,307.32,307.32,307.32,307.32,36301200
2016-08-23,306.88,306.88,306.88,306.88,306.88,36301200
2016-08-24,305.28,305.28,305.28,305.28,305.28,36301200
2016-08-25,303.01,303.01,303.01,303.01,303.01,36301200
2016-08-26,301.45,301.45,301.45,301.45,301.45,36301200
2016-08-29,307.53,307.53,307.53,307.53,307.53,36301200
2016-08-30,305.86,305.86,305.86,305.86,305.86,36301200
2016-08-31,310.19,310.19,310.19,310.19,310.19,36301200
2016-09-01,308.71,308.71,308.71,308.71,308.71,36301200
2016-09-02,305.78,305.78,305.78,305.78,305.78,36301200
2016-09-05,308.5,308.5,308.5,308.5,308.5,36301200
2016-09-06,309.94,309.94,309.94,309.94,309.94,36301200
2016-09-07,306.6,306.6,306.6,306.6,306.6,36301200
2016-09-08,305.82,305.82,305.82,305.82,305.82,36301200
2016-09-09,304.63,304.63,304.63,304.63,304.63,36301200
2016-09-12,298.06,298.06,298.06,298.06,298.06,36301200
2016-09-13,300.43,300.43,300.43,300.43,300.43,36301200
2016-09-14,299.57,299.57,299.57,299.57,299.57,36301200
2016-09-19,300.13,300.13,300.13,300.13,300.13,36301200
2016-09-20,294.96,294.96,294.96,294.96,294.96,36301200
2016-09-21,294.05,294.05,294.05,294.05,294.05,36301200
2016-09-22,296.98,296.98,296.98,296.98,296.98,36301200
2016-09-23,297.68,297.68,297.68,297.68,297.68,36301200
2016-09-26,288.73,288.73,288.73,288.73,288.73,36301200
2016-09-27,291.17,291.17,291.17,291.17,291.17,36301200
2016-09-28,288.41,288.41,288.41,288.41,288.41,36301200
2016-09-29,290.98,290.98,290.98,290.98,290.98,36301200
2016-09-30,297.91,297.91,297.91,297.91,297.91,36301200
2016-10-10,302.96,302.96,302.96,302.96,302.96,36301200
2016-10-11,308.92,308.92,308.92,308.92,308.92,36301200
2016-10-12,305.82,305.82,305.82,305.82,305.82,36301200
2016-10-13,303.89,303.89,303.89,303.89,303.89,36301200
2016-10-14,305.6,305.6,305.6,305.6,305.6,36301200
2016-10-17,302.45,302.45,302.45,302.45,302.45,36301200
2016-10-18,307.16,307.16,307.16,307.16,307.16,36301200
2016-10-19,306.45,306.45,306.45,306.45,306.45,36301200
2016-10-20,305.48,305.48,305.48,305.48,305.48,36301200
2016-10-21,304.19,304.19,304.19,304.19,304.19,36301200
2016-10-24,306.93,306.93,306.93,306.93,306.93,36301200
2016-10-25,312.94,312.94,312.94,312.94,312.94,36301200
2016-10-26,313.68,313.68,313.68,313.68,313.68,36301200
2016-10-27,316.87,316.87,316.87,316.87,316.87,36301200
2016-10-28,317.05,317.05,317.05,317.05,317.05,36301200
2016-10-31,317.95,317.95,317.95,317.95,317.95,36301200
2016-11-01,316.68,316.68,316.68,316.68,316.68,36301200
2016-11-02,315.18,315.18,315.18,315.18,315.18,36301200
2016-11-03,315.86,315.86,315.86,315.86,315.86,36301200
2016-11-04,314.82,314.82,314.82,314.82,314.82,36301200
2016-11-07,315.33,315.33,315.33,315.33,315.33,36301200
2016-11-08,320,320,320,320,320,36301200
2016-11-09,316.81,316.81,316.81,316.81,316.81,36301200
2016-11-10,319.13,319.13,319.13,319.13,319.13,36301200
2016-11-11,315.08,315.08,315.08,315.08,315.08,36301200
2016-11-14,310.99,310.99,310.99,310.99,310.99,36301200
2016-11-15,314.01,314.01,314.01,314.01,314.01,36301200
2016-11-16,313.15,313.15,313.15,313.15,313.15,36301200
2016-11-17,311.04,311.04,311.04,311.04,311.04,36301200
2016-11-18,310,310,310,310,310,36301200
2016-11-21,309.5,309.5,309.5,309.5,309.5,36301200
2016-11-22,308.87,308.87,308.87,308.87,308.87,36301200
2016-11-23,312.95,312.95,312.95,312.95,312.95,36301200
2016-11-24,316.93,316.93,316.93,316.93,316.93,36301200
2016-11-25,316.89,316.89,316.89,316.89,316.89,36301200
2016-11-28,319.5,319.5,319.5,319.5,319.5,36301200
2016-11-29,323.96,323.96,323.96,323.96,323.96,36301200
2016-11-30,319.08,319.08,319.08,319.08,319.08,36301200
2016-12-01,321.02,321.02,321.02,321.02,321.02,36301200
2016-12-02,321.77,321.77,321.77,321.77,321.77,36301200
2016-12-05,315.93,315.93,315.93,315.93,315.93,36301200
2016-12-06,326.42,326.42,326.42,326.42,326.42,36301200
2016-12-07,327.45,327.45,327.45,327.45,327.45,36301200
2016-12-08,337.71,337.71,337.71,337.71,337.71,36301200
2016-12-09,337.76,337.76,337.76,337.76,337.76,36301200
2016-12-12,326.86,326.86,326.86,326.86,326.86,36301200
2016-12-13,333.01,333.01,333.01,333.01,333.01,36301200
2016-12-14,332.27,332.27,332.27,332.27,332.27,36301200
2016-12-15,328.05,328.05,328.05,328.05,328.05,36301200
2016-12-16,327.58,327.58,327.58,327.58,327.58,36301200
2016-12-19,325.96,325.96,325.96,325.96,325.96,36301200
2016-12-20,326.48,326.48,326.48,326.48,326.48,36301200
2016-12-21,328.66,328.66,328.66,328.66,328.66,36301200
2016-12-22,325.2,325.2,325.2,325.2,325.2,36301200
2016-12-23,320.03,320.03,320.03,320.03,320.03,36301200
2016-12-26,324.48,324.48,324.48,324.48,324.48,36301200
2016-12-27,326.16,326.16,326.16,326.16,326.16,36301200
2016-12-28,323.72,323.72,323.72,323.72,323.72,36301200
2016-12-29,327.31,327.31,327.31,327.31,327.31,36301200
2016-12-30,334.15,334.15,334.15,334.15,334.15,36301200
2017-01-03,334.56,334.56,334.56,334.56,334.56,36301200
2017-01-04,351.91,351.91,351.91,351.91,351.91,36301200
2017-01-05,346.74,346.74,346.74,346.74,346.74,36301200
2017-01-06,350.76,350.76,350.76,350.76,350.76,36301200
2017-01-09,348.51,348.51,348.51,348.51,348.51,36301200
2017-01-10,349,349,349,349,349,36301200
2017-01-11,345.45,345.45,345.45,345.45,345.45,36301200
2017-01-12,347.05,347.05,347.05,347.05,347.05,36301200
2017-01-13,344.87,344.87,344.87,344.87,344.87,36301200
2017-01-16,341.47,341.47,341.47,341.47,341.47,36301200
2017-01-17,349.13,349.13,349.13,349.13,349.13,36301200
2017-01-18,355.08,355.08,355.08,355.08,355.08,36301200
2017-01-19,354.72,354.72,354.72,354.72,354.72,36301200
2017-01-20,354.99,354.99,354.99,354.99,354.99,36301200
2017-01-23,351.22,351.22,351.22,351.22,351.22,36301200
2017-01-24,350.31,350.31,350.31,350.31,350.31,36301200
2017-01-25,347.63,347.63,347.63,347.63,347.63,36301200
2017-01-26,344.42,344.42,344.42,344.42,344.42,36301200
2017-02-03,346.85,346.85,346.85,346.85,346.85,36301200
2017-02-06,346.85,346.85,346.85,346.85,346.85,36301200
2017-02-07,343.58,343.58,343.58,343.58,343.58,36301200
2017-02-08,344.21,344.21,344.21,344.21,344.21,36301200
2017-02-09,347.61,347.61,347.61,347.61,347.61,36301200
2017-02-10,345.08,345.08,345.08,345.08,345.08,36301200
2017-02-13,349.75,349.75,349.75,349.75,349.75,36301200
2017-02-14,350.21,350.21,350.21,350.21,350.21,36301200
2017-02-15,348.53,348.53,348.53,348.53,348.53,36301200
2017-02-16,348.09,348.09,348.09,348.09,348.09,36301200
2017-02-17,350.56,350.56,350.56,350.56,350.56,36301200
2017-02-20,361.29,361.29,361.29,361.29,361.29,36301200
2017-02-21,358.74,358.74,358.74,358.74,358.74,36301200
2017-02-22,361.89,361.89,361.89,361.89,361.89,36301200
2017-02-23,361.7,361.7,361.7,361.7,361.7,36301200
2017-02-24,362.62,362.62,362.62,362.62,362.62,36301200
2017-02-27,357.2,357.2,357.2,357.2,357.2,36301200
2017-02-28,354.66,354.66,354.66,354.66,354.66,36301200
2017-03-01,356.61,356.61,356.61,356.61,356.61,36301200
2017-03-02,356.82,356.82,356.82,356.82,356.82,36301200
2017-03-03,356.54,356.54,356.54,356.54,356.54,36301200
2017-03-06,358.96,358.96,358.96,358.96,358.96,36301200
2017-03-07,367.2,367.2,367.2,367.2,367.2,36301200
2017-03-08,367.28,367.28,367.28,367.28,367.28,36301200
2017-03-09,369.9,369.9,369.9,369.9,369.9,36301200
2017-03-10,369.85,369.85,369.85,369.85,369.85,36301200
2017-03-13,371.55,371.55,371.55,371.55,371.55,36301200
2017-03-14,369.5,369.5,369.5,369.5,369.5,36301200
2017-03-15,374.68,374.68,374.68,374.68,374.68,36301200
2017-03-16,374.77,374.77,374.77,374.77,374.77,36301200
2017-03-17,378.48,378.48,378.48,378.48,378.48,36301200
2017-03-20,386.41,386.41,386.41,386.41,386.41,36301200
2017-03-21,394.01,394.01,394.01,394.01,394.01,36301200
2017-03-22,394.48,394.48,394.48,394.48,394.48,36301200
2017-03-23,389.79,389.79,389.79,389.79,389.79,36301200
2017-03-24,386.82,386.82,386.82,386.82,386.82,36301200
2017-03-27,378.82,378.82,378.82,378.82,378.82,36301200
2017-03-28,380.26,380.26,380.26,380.26,380.26,36301200
2017-03-29,383.65,383.65,383.65,383.65,383.65,36301200
2017-03-30,386.14,386.14,386.14,386.14,386.14,36301200
2017-03-31,386.36,386.36,386.36,386.36,386.36,36301200
2017-04-05,389.66,389.66,389.66,389.66,389.66,36301200
2017-04-06,391.91,391.91,391.91,391.91,391.91,36301200
2017-04-07,392.87,392.87,392.87,392.87,392.87,36301200
2017-04-10,389.2,389.2,389.2,389.2,389.2,36301200
2017-04-11,385.29,385.29,385.29,385.29,385.29,36301200
2017-04-12,390.23,390.23,390.23,390.23,390.23,36301200
2017-04-13,398.39,398.39,398.39,398.39,398.39,36301200
2017-04-14,395.45,395.45,395.45,395.45,395.45,36301200
2017-04-17,395.79,395.79,395.79,395.79,395.79,36301200
2017-04-18,404.65,404.65,404.65,404.65,404.65,36301200
2017-04-19,405.74,405.74,405.74,405.74,405.74,36301200
2017-04-20,415.31,415.31,415.31,415.31,415.31,36301200
2017-04-21,400.53,400.53,400.53,400.53,400.53,36301200
2017-04-24,398.55,398.55,398.55,398.55,398.55,36301200
2017-04-25,418.89,418.89,418.89,418.89,418.89,36301200
2017-04-26,417.96,417.96,417.96,417.96,417.96,36301200
2017-04-27,421.44,421.44,421.44,421.44,421.44,36301200
2017-04-28,413.48,413.48,413.48,413.48,413.48,36301200
2017-05-02,412.08,412.08,412.08,412.08,412.08,36301200
2017-05-03,417.61,417.61,417.61,417.61,417.61,36301200
2017-05-04,416,416,416,416,416,36301200
2017-05-05,416.19,416.19,416.19,416.19,416.19,36301200
2017-05-08,405.48,405.48,405.48,405.48,405.48,36301200
2017-05-09,408.76,408.76,408.76,408.76,408.76,36301200
2017-05-10,410.09,410.09,410.09,410.09,410.09,36301200
2017-05-11,412.16,412.16,412.16,412.16,412.16,36301200
2017-05-12,413.47,413.47,413.47,413.47,413.47,36301200
2017-05-15,419.55,419.55,419.55,419.55,419.55,36301200
2017-05-16,430.12,430.12,430.12,430.12,430.12,36301200
2017-05-17,426.6,426.6,426.6,426.6,426.6,36301200
2017-05-18,429.54,429.54,429.54,429.54,429.54,36301200
2017-05-19,440.82,440.82,440.82,440.82,440.82,36301200
2017-05-22,441.78,441.78,441.78,441.78,441.78,36301200
2017-05-23,454.2,454.2,454.2,454.2,454.2,36301200
2017-05-24,450.32,450.32,450.32,450.32,450.32,36301200
2017-05-25,450.6,450.6,450.6,450.6,450.6,36301200
2017-05-26,451.92,451.92,451.92,451.92,451.92,36301200
2017-05-31,442.94,442.94,442.94,442.94,442.94,36301200
2017-06-01,449.28,449.28,449.28,449.28,449.28,36301200
2017-06-02,447.31,447.31,447.31,447.31,447.31,36301200
2017-06-05,444.41,444.41,444.41,444.41,444.41,36301200
2017-06-06,448.82,448.82,448.82,448.82,448.82,36301200
2017-06-07,459.37,459.37,459.37,459.37,459.37,36301200
2017-06-08,464.31,464.31,464.31,464.31,464.31,36301200
2017-06-09,465.74,465.74,465.74,465.74,465.74,36301200
2017-06-12,472.88,472.88,472.88,472.88,472.88,36301200
2017-06-13,473.04,473.04,473.04,473.04,473.04,36301200
2017-06-14,474.39,474.39,474.39,474.39,474.39,36301200
2017-06-15,464.3,464.3,464.3,464.3,464.3,36301200
2017-06-16,462.63,462.63,462.63,462.63,462.63,36301200
2017-06-19,470.17,470.17,470.17,470.17,470.17,36301200
2017-06-20,466.3,466.3,466.3,466.3,466.3,36301200
2017-06-21,472.71,472.71,472.71,472.71,472.71,36301200
2017-06-22,472.75,472.75,472.75,472.75,472.75,36301200
2017-06-23,472.73,472.73,472.73,472.73,472.73,36301200
2017-06-26,484.68,484.68,484.68,484.68,484.68,36301200
2017-06-27,484.1,484.1,484.1,484.1,484.1,36301200
2017-06-28,475.3,475.3,475.3,475.3,475.3,36301200
2017-06-29,473.01,473.01,473.01,473.01,473.01,36301200
2017-06-30,471.85,471.85,471.85,471.85,471.85,36301200
2017-07-03,460.37,460.37,460.37,460.37,460.37,36301200
2017-07-04,451.92,451.92,451.92,451.92,451.92,36301200
2017-07-05,460.13,460.13,460.13,460.13,460.13,36301200
2017-07-06,455.98,455.98,455.98,455.98,455.98,36301200
2017-07-07,445.97,445.97,445.97,445.97,445.97,36301200
2017-07-10,454.47,454.47,454.47,454.47,454.47,36301200
2017-07-11,463.13,463.13,463.13,463.13,463.13,36301200
2017-07-12,457.47,457.47,457.47,457.47,457.47,36301200
2017-07-13,456.16,456.16,456.16,456.16,456.16,36301200
2017-07-14,456.41,456.41,456.41,456.41,456.41,36301200
2017-07-17,450.07,450.07,450.07,450.07,450.07,36301200
2017-07-18,452.55,452.55,452.55,452.55,452.55,36301200
2017-07-19,456.86,456.86,456.86,456.86,456.86,36301200
2017-07-20,466.47,466.47,466.47,466.47,466.47,36301200
2017-07-21,473.2,473.2,473.2,473.2,473.2,36301200
2017-07-24,477.8,477.8,477.8,477.8,477.8,36301200
2017-07-25,477.96,477.96,477.96,477.96,477.96,36301200
2017-07-26,471.63,471.63,471.63,471.63,471.63,36301200
2017-07-27,473.87,473.87,473.87,473.87,473.87,36301200
2017-07-28,483.92,483.92,483.92,483.92,483.92,36301200
2017-07-31,481.22,481.22,481.22,481.22,481.22,36301200
2017-08-01,480.24,480.24,480.24,480.24,480.24,36301200
2017-08-02,482.84,482.84,482.84,482.84,482.84,36301200
2017-08-03,477.22,477.22,477.22,477.22,477.22,36301200
2017-08-04,473.64,473.64,473.64,473.64,473.64,36301200
2017-08-07,481.56,481.56,481.56,481.56,481.56,36301200
2017-08-08,482.58,482.58,482.58,482.58,482.58,36301200
2017-08-09,490.85,490.85,490.85,490.85,490.85,36301200
2017-08-10,491.63,491.63,491.63,491.63,491.63,36301200
2017-08-11,484.06,484.06,484.06,484.06,484.06,36301200
2017-08-14,499.83,499.83,499.83,499.83,499.83,36301200
2017-08-15,495.97,495.97,495.97,495.97,495.97,36301200
2017-08-16,496.49,496.49,496.49,496.49,496.49,36301200
2017-08-17,492.69,492.69,492.69,492.69,492.69,36301200
2017-08-18,489.65,489.65,489.65,489.65,489.65,36301200
2017-08-21,489.73,489.73,489.73,489.73,489.73,36301200
2017-08-22,487.22,487.22,487.22,487.22,487.22,36301200
2017-08-23,494.01,494.01,494.01,494.01,494.01,36301200
2017-08-24,492.81,492.81,492.81,492.81,492.81,36301200
2017-08-25,492.99,492.99,492.99,492.99,492.99,36301200
2017-08-28,492.04,492.04,492.04,492.04,492.04,36301200
2017-08-29,489.44,489.44,489.44,489.44,489.44,36301200
2017-08-30,492.97,492.97,492.97,492.97,492.97,36301200
2017-08-31,491.15,491.15,491.15,491.15,491.15,36301200
2017-09-01,495.18,495.18,495.18,495.18,495.18,36301200
2017-09-04,492.42,492.42,492.42,492.42,492.42,36301200
2017-09-05,489.99,489.99,489.99,489.99,489.99,36301200
2017-09-06,484.98,484.98,484.98,484.98,484.98,36301200
2017-09-07,481.27,481.27,481.27,481.27,481.27,36301200
2017-09-08,474.37,474.37,474.37,474.37,474.37,36301200
2017-09-11,478.32,478.32,478.32,478.32,478.32,36301200
2017-09-12,484.91,484.91,484.91,484.91,484.91,36301200
2017-09-13,491.63,491.63,491.63,491.63,491.63,36301200
2017-09-14,490.71,490.71,490.71,490.71,490.71,36301200
2017-09-15,489.84,489.84,489.84,489.84,489.84,36301200
2017-09-18,498.97,498.97,498.97,498.97,498.97,36301200
2017-09-19,496.95,496.95,496.95,496.95,496.95,36301200
2017-09-20,496.2,496.2,496.2,496.2,496.2,36301200
2017-09-21,498.77,498.77,498.77,498.77,498.77,36301200
2017-09-22,499.93,499.93,499.93,499.93,499.93,36301200
2017-09-25,507.24,507.24,507.24,507.24,507.24,36301200
2017-09-26,509.29,509.29,509.29,509.29,509.29,36301200
2017-09-27,508.21,508.21,508.21,508.21,508.21,36301200
2017-09-28,518.46,518.46,518.46,518.46,518.46,36301200
2017-09-29,517.64,517.64,517.64,517.64,517.64,36301200
2017-10-09,527.77,527.77,527.77,527.77,527.77,36301200
2017-10-10,540.06,540.06,540.06,540.06,540.06,36301200
2017-10-11,545.54,545.54,545.54,545.54,545.54,36301200
2017-10-12,544.09,544.09,544.09,544.09,544.09,36301200
2017-10-13,556.15,556.15,556.15,556.15,556.15,36301200
2017-10-16,560.69,560.69,560.69,560.69,560.69,36301200
2017-10-17,556.73,556.73,556.73,556.73,556.73,36301200
2017-10-18,560.72,560.72,560.72,560.72,560.72,36301200
2017-10-19,582.6,582.6,582.6,582.6,582.6,36301200
2017-10-20,574.33,574.33,574.33,574.33,574.33,36301200
2017-10-23,573.41,573.41,573.41,573.41,573.41,36301200
2017-10-24,567.33,567.33,567.33,567.33,567.33,36301200
2017-10-25,565.67,565.67,565.67,565.67,565.67,36301200
2017-10-26,605.09,605.09,605.09,605.09,605.09,36301200
2017-10-27,649.63,649.63,649.63,649.63,649.63,36301200
2017-10-30,622.08,622.08,622.08,622.08,622.08,36301200
2017-10-31,618.03,618.03,618.03,618.03,618.03,36301200
2017-11-01,623.01,623.01,623.01,623.01,623.01,36301200
2017-11-02,626.92,626.92,626.92,626.92,626.92,36301200
2017-11-03,639.17,639.17,639.17,639.17,639.17,36301200
2017-11-06,653.06,653.06,653.06,653.06,653.06,36301200
2017-11-07,642.07,642.07,642.07,642.07,642.07,36301200
2017-11-08,650.38,650.38,650.38,650.38,650.38,36301200
2017-11-09,650.07,650.07,650.07,650.07,650.07,36301200
2017-11-10,677.95,677.95,677.95,677.95,677.95,36301200
2017-11-13,687.88,687.88,687.88,687.88,687.88,36301200
2017-11-14,678.75,678.75,678.75,678.75,678.75,36301200
2017-11-15,688.08,688.08,688.08,688.08,688.08,36301200
2017-11-16,719.11,719.11,719.11,719.11,719.11,36301200
2017-11-17,690.25,690.25,690.25,690.25,690.25,36301200
2017-11-20,679.15,679.15,679.15,679.15,679.15,36301200
2017-11-21,677.25,677.25,677.25,677.25,677.25,36301200
2017-11-22,650.52,650.52,650.52,650.52,650.52,36301200
2017-11-23,633.73,633.73,633.73,633.73,633.73,36301200
2017-11-24,630.04,630.04,630.04,630.04,630.04,36301200
2017-11-27,621.29,621.29,621.29,621.29,621.29,36301200
2017-11-28,648.23,648.23,648.23,648.23,648.23,36301200
2017-11-29,638.12,638.12,638.12,638.12,638.12,36301200
2017-11-30,631,631,631,631,631,36301200
2017-12-01,622.35,622.35,622.35,622.35,622.35,36301200
2017-12-04,637.79,637.79,637.79,637.79,637.79,36301200
2017-12-05,632.96,632.96,632.96,632.96,632.96,36301200
2017-12-06,625.01,625.01,625.01,625.01,625.01,36301200
2017-12-07,616.69,616.69,616.69,616.69,616.69,36301200
2017-12-08,627.28,627.28,627.28,627.28,627.28,36301200
2017-12-11,650.99,650.99,650.99,650.99,650.99,36301200
2017-12-12,651.32,651.32,651.32,651.32,651.32,36301200
2017-12-13,668.21,668.21,668.21,668.21,668.21,36301200
2017-12-14,664.55,664.55,664.55,664.55,664.55,36301200
2017-12-15,653.79,653.79,653.79,653.79,653.79,36301200
2017-12-18,665.77,665.77,665.77,665.77,665.77,36301200
2017-12-19,667.09,667.09,667.09,667.09,667.09,36301200
2017-12-20,684.91,684.91,684.91,684.91,684.91,36301200
2017-12-21,681.74,681.74,681.74,681.74,681.74,36301200
2017-12-22,682.92,682.92,682.92,682.92,682.92,36301200
2017-12-25,688.12,688.12,688.12,688.12,688.12,36301200
2017-12-26,680.81,680.81,680.81,680.81,680.81,36301200
2017-12-27,664.18,664.18,664.18,664.18,664.18,36301200
2017-12-28,718.69,718.69,718.69,718.69,718.69,36301200
2017-12-29,697.49,697.49,697.49,697.49,697.49,36301200
2018-01-02,703.85,703.85,703.85,703.85,703.85,36301200
2018-01-03,715.86,715.86,715.86,715.86,715.86,36301200
2018-01-04,737.07,737.07,737.07,737.07,737.07,36301200
2018-01-05,738.36,738.36,738.36,738.36,738.36,36301200
2018-01-08,752.13,752.13,752.13,752.13,752.13,36301200
2018-01-09,782.52,782.52,782.52,782.52,782.52,36301200
2018-01-10,785.71,785.71,785.71,785.71,785.71,36301200
2018-01-11,774.81,774.81,774.81,774.81,774.81,36301200
2018-01-12,788.42,788.42,788.42,788.42,788.42,36301200
2018-01-15,785.37,785.37,785.37,785.37,785.37,36301200
2018-01-16,772.94,772.94,772.94,772.94,772.94,36301200
2018-01-17,747.93,747.93,747.93,747.93,747.93,36301200
2018-01-18,750.74,750.74,750.74,750.74,750.74,36301200
2018-01-19,750.18,750.18,750.18,750.18,750.18,36301200
2018-01-22,773.64,773.64,773.64,773.64,773.64,36301200
2018-01-23,773.78,773.78,773.78,773.78,773.78,36301200
2018-01-24,764.46,764.46,764.46,764.46,764.46,36301200
2018-01-25,769.16,769.16,769.16,769.16,769.16,36301200
2018-01-26,777.22,777.22,777.22,777.22,777.22,36301200
2018-01-29,736.32,736.32,736.32,736.32,736.32,36301200
2018-01-30,742.08,742.08,742.08,742.08,742.08,36301200
2018-01-31,764.54,764.54,764.54,764.54,764.54,36301200
2018-02-01,757.73,757.73,757.73,757.73,757.73,36301200
2018-02-02,740.4,740.4,740.4,740.4,740.4,36301200
2018-02-05,718.23,718.23,718.23,718.23,718.23,36301200
2018-02-06,708.86,708.86,708.86,708.86,708.86,36301200
2018-02-07,683.43,683.43,683.43,683.43,683.43,36301200
2018-02-08,700.99,700.99,700.99,700.99,700.99,36301200
2018-02-09,683.43,683.43,683.43,683.43,683.43,36301200
2018-02-12,697.48,697.48,697.48,697.48,697.48,36301200
2018-02-13,711.98,711.98,711.98,711.98,711.98,36301200
2018-02-14,718.45,718.45,718.45,718.45,718.45,36301200
2018-02-22,742.45,742.45,742.45,742.45,742.45,36301200
2018-02-23,742.48,742.48,742.48,742.48,742.48,36301200
2018-02-26,743.51,743.51,743.51,743.51,743.51,36301200
2018-02-27,737.98,737.98,737.98,737.98,737.98,36301200
2018-02-28,725.62,725.62,725.62,725.62,725.62,36301200
2018-03-01,741.97,741.97,741.97,741.97,741.97,36301200
2018-03-02,736.41,736.41,736.41,736.41,736.41,36301200
2018-03-05,720.11,720.11,720.11,720.11,720.11,36301200
2018-03-06,718.26,718.26,718.26,718.26,718.26,36301200
2018-03-07,710.04,710.04,710.04,710.04,710.04,36301200
2018-03-08,722.76,722.76,722.76,722.76,722.76,36301200
2018-03-09,728.2,728.2,728.2,728.2,728.2,36301200
2018-03-12,723.95,723.95,723.95,723.95,723.95,36301200
2018-03-13,710.35,710.35,710.35,710.35,710.35,36301200
2018-03-14,726.88,726.88,726.88,726.88,726.88,36301200
2018-03-15,746.47,746.47,746.47,746.47,746.47,36301200
2018-03-16,739.85,739.85,739.85,739.85,739.85,36301200
2018-03-19,753.48,753.48,753.48,753.48,753.48,36301200
2018-03-20,747.73,747.73,747.73,747.73,747.73,36301200
2018-03-21,742,742,742,742,742,36301200
2018-03-22,726.08,726.08,726.08,726.08,726.08,36301200
2018-03-23,711.06,711.06,711.06,711.06,711.06,36301200
2018-03-26,713.49,713.49,713.49,713.49,713.49,36301200
2018-03-27,714.74,714.74,714.74,714.74,714.74,36301200
2018-03-28,682.05,682.05,682.05,682.05,682.05,36301200
2018-03-29,689.1,689.1,689.1,689.1,689.1,36301200
2018-03-30,683.62,683.62,683.62,683.62,683.62,36301200
2018-04-02,680.06,680.06,680.06,680.06,680.06,36301200
2018-04-03,677.91,677.91,677.91,677.91,677.91,36301200
2018-04-04,694.01,694.01,694.01,694.01,694.01,36301200
2018-04-09,698.3,698.3,698.3,698.3,698.3,36301200
2018-04-10,708.02,708.02,708.02,708.02,708.02,36301200
2018-04-11,705.36,705.36,705.36,705.36,705.36,36301200
2018-04-12,694.2,694.2,694.2,694.2,694.2,36301200
2018-04-13,686.86,686.86,686.86,686.86,686.86,36301200
2018-04-16,681.38,681.38,681.38,681.38,681.38,36301200
2018-04-17,666.2,666.2,666.2,666.2,666.2,36301200
2018-04-18,655.64,655.64,655.64,655.64,655.64,36301200
2018-04-19,679.96,679.96,679.96,679.96,679.96,36301200
2018-04-20,670.26,670.26,670.26,670.26,670.26,36301200
2018-04-23,674.01,674.01,674.01,674.01,674.01,36301200
2018-04-24,689.88,689.88,689.88,689.88,689.88,36301200
2018-04-25,690.97,690.97,690.97,690.97,690.97,36301200
2018-04-26,678.23,678.23,678.23,678.23,678.23,36301200
2018-04-27,662.53,662.53,662.53,662.53,662.53,36301200
2018-05-02,667.83,667.83,667.83,667.83,667.83,36301200
2018-05-03,670.88,670.88,670.88,670.88,670.88,36301200
2018-05-04,662.87,662.87,662.87,662.87,662.87,36301200
2018-05-07,698.17,698.17,698.17,698.17,698.17,36301200
2018-05-08,708.83,708.83,708.83,708.83,708.83,36301200
2018-05-09,701.95,701.95,701.95,701.95,701.95,36301200
2018-05-10,714.19,714.19,714.19,714.19,714.19,36301200
2018-05-11,718.02,718.02,718.02,718.02,718.02,36301200
2018-05-14,742.41,742.41,742.41,742.41,742.41,36301200
2018-05-15,743.06,743.06,743.06,743.06,743.06,36301200
2018-05-16,734.52,734.52,734.52,734.52,734.52,36301200
2018-05-17,727.38,727.38,727.38,727.38,727.38,36301200
2018-05-18,739.32,739.32,739.32,739.32,739.32,36301200
2018-05-21,734.82,734.82,734.82,734.82,734.82,36301200
2018-05-22,739.57,739.57,739.57,739.57,739.57,36301200
2018-05-23,723.78,723.78,723.78,723.78,723.78,36301200
2018-05-24,715.4,715.4,715.4,715.4,715.4,36301200
2018-05-25,716.86,716.86,716.86,716.86,716.86,36301200
2018-05-28,740.4,740.4,740.4,740.4,740.4,36301200
2018-05-29,731.43,731.43,731.43,731.43,731.43,36301200
2018-05-30,725.87,725.87,725.87,725.87,725.87,36301200
2018-05-31,751.13,751.13,751.13,751.13,751.13,36301200
2018-06-01,745.11,745.11,745.11,745.11,745.11,36301200
2018-06-04,781.97,781.97,781.97,781.97,781.97,36301200
2018-06-05,788.05,788.05,788.05,788.05,788.05,36301200
2018-06-06,785.75,785.75,785.75,785.75,785.75,36301200
2018-06-07,780.97,780.97,780.97,780.97,780.97,36301200
2018-06-08,777.95,777.95,777.95,777.95,777.95,36301200
2018-06-11,775.73,775.73,775.73,775.73,775.73,36301200
2018-06-12,799.19,799.19,799.19,799.19,799.19,36301200
2018-06-13,790.33,790.33,790.33,790.33,790.33,36301200
2018-06-14,786.13,786.13,786.13,786.13,786.13,36301200
2018-06-15,773.33,773.33,773.33,773.33,773.33,36301200
2018-06-19,738,738,738,738,738,36301200
2018-06-20,763.59,763.59,763.59,763.59,763.59,36301200
2018-06-21,759.32,759.32,759.32,759.32,759.32,36301200
2018-06-22,766.53,766.53,766.53,766.53,766.53,36301200
2018-06-25,765.56,765.56,765.56,765.56,765.56,36301200
2018-06-26,754.8,754.8,754.8,754.8,754.8,36301200
2018-06-27,722.44,722.44,722.44,722.44,722.44,36301200
2018-06-28,710.93,710.93,710.93,710.93,710.93,36301200
2018-06-29,731.46,731.46,731.46,731.46,731.46,36301200
2018-07-02,711.55,711.55,711.55,711.55,711.55,36301200
2018-07-03,694.92,694.92,694.92,694.92,694.92,36301200
2018-07-04,690.91,690.91,690.91,690.91,690.91,36301200
2018-07-05,702.39,702.39,702.39,702.39,702.39,36301200
2018-07-06,714.12,714.12,714.12,714.12,714.12,36301200
2018-07-09,727.24,727.24,727.24,727.24,727.24,36301200
2018-07-10,725.76,725.76,725.76,725.76,725.76,36301200
2018-07-11,719.58,719.58,719.58,719.58,719.58,36301200
2018-07-12,737.54,737.54,737.54,737.54,737.54,36301200
2018-07-13,746.99,746.99,746.99,746.99,746.99,36301200
2018-07-16,754.68,754.68,754.68,754.68,754.68,36301200
2018-07-17,742.43,742.43,742.43,742.43,742.43,36301200
2018-07-18,737.44,737.44,737.44,737.44,737.44,36301200
2018-07-19,740.95,740.95,740.95,740.95,740.95,36301200
2018-07-20,741.13,741.13,741.13,741.13,741.13,36301200
2018-07-23,732.07,732.07,732.07,732.07,732.07,36301200
2018-07-24,745.4,745.4,745.4,745.4,745.4,36301200
2018-07-25,743.81,743.81,743.81,743.81,743.81,36301200
2018-07-26,735.62,735.62,735.62,735.62,735.62,36301200
2018-07-27,738.56,738.56,738.56,738.56,738.56,36301200
2018-07-30,719.21,719.21,719.21,719.21,719.21,36301200
2018-07-31,726.44,726.44,726.44,726.44,726.44,36301200
2018-08-01,714.94,714.94,714.94,714.94,714.94,36301200
2018-08-02,695.84,695.84,695.84,695.84,695.84,36301200
2018-08-03,678.99,678.99,678.99,678.99,678.99,36301200
2018-08-06,669.68,669.68,669.68,669.68,669.68,36301200
2018-08-07,686.28,686.28,686.28,686.28,686.28,36301200
2018-08-08,676.22,676.22,676.22,676.22,676.22,36301200
2018-08-09,691.88,691.88,691.88,691.88,691.88,36301200
2018-08-10,687.18,687.18,687.18,687.18,687.18,36301200
2018-08-13,679.22,679.22,679.22,679.22,679.22,36301200
2018-08-14,680.13,680.13,680.13,680.13,680.13,36301200
2018-08-15,662.8,662.8,662.8,662.8,662.8,36301200
2018-08-16,648.44,648.44,648.44,648.44,648.44,36301200
2018-08-17,634.86,634.86,634.86,634.86,634.86,36301200
2018-08-20,644.79,644.79,644.79,644.79,644.79,36301200
2018-08-21,671.49,671.49,671.49,671.49,671.49,36301200
2018-08-22,667.7,667.7,667.7,667.7,667.7,36301200
2018-08-23,670.21,670.21,670.21,670.21,670.21,36301200
2018-08-24,660.3,660.3,660.3,660.3,660.3,36301200
2018-08-27,687.3,687.3,687.3,687.3,687.3,36301200
2018-08-28,681,681,681,681,681,36301200
2018-08-29,685.85,685.85,685.85,685.85,685.85,36301200
2018-08-30,680.4,680.4,680.4,680.4,680.4,36301200
2018-08-31,659.19,659.19,659.19,659.19,659.19,36301200
2018-09-03,666.21,666.21,666.21,666.21,666.21,36301200
2018-09-04,675.04,675.04,675.04,675.04,675.04,36301200
2018-09-05,657.79,657.79,657.79,657.79,657.79,36301200
2018-09-06,644,644,644,644,644,36301200
2018-09-07,650.97,650.97,650.97,650.97,650.97,36301200
2018-09-10,644.8,644.8,644.8,644.8,644.8,36301200
2018-09-11,646,646,646,646,646,36301200
2018-09-12,630,630,630,630,630,36301200
2018-09-13,631.98,631.98,631.98,631.98,631.98,36301200
2018-09-14,642.9,642.9,642.9,642.9,642.9,36301200
2018-09-17,645.81,645.81,645.81,645.81,645.81,36301200
2018-09-18,666.7,666.7,666.7,666.7,666.7,36301200
2018-09-19,681.42,681.42,681.42,681.42,681.42,36301200
2018-09-20,678.55,678.55,678.55,678.55,678.55,36301200
2018-09-21,700.01,700.01,700.01,700.01,700.01,36301200
2018-09-25,697.02,697.02,697.02,697.02,697.02,36301200
2018-09-26,724.93,724.93,724.93,724.93,724.93,36301200
2018-09-27,724,724,724,724,724,36301200
2018-09-28,730,730,730,730,730,36301200
2018-10-08,686.15,686.15,686.15,686.15,686.15,36301200
2018-10-09,695,695,695,695,695,36301200
2018-10-10,670.92,670.92,670.92,670.92,670.92,36301200
2018-10-11,644.99,644.99,644.99,644.99,644.99,36301200
2018-10-12,668,668,668,668,668,36301200
2018-10-15,666.9,666.9,666.9,666.9,666.9,36301200
2018-10-16,667.14,667.14,667.14,667.14,667.14,36301200
2018-10-17,665.72,665.72,665.72,665.72,665.72,36301200
2018-10-18,645.94,645.94,645.94,645.94,645.94,36301200
2018-10-19,670,670,670,670,670,36301200
2018-10-22,693,693,693,693,693,36301200
2018-10-23,641.74,641.74,641.74,641.74,641.74,36301200
2018-10-24,636.99,636.99,636.99,636.99,636.99,36301200
2018-10-25,619,619,619,619,619,36301200
2018-10-26,610.1,610.1,610.1,610.1,610.1,36301200
2018-10-29,549.09,549.09,549.09,549.09,549.09,36301200
2018-10-30,524,524,524,524,524,36301200
2018-10-31,548.9,548.9,548.9,548.9,548.9,36301200
2018-11-01,563,563,563,563,563,36301200
2018-11-02,599.9,599.9,599.9,599.9,599.9,36301200
2018-11-05,575.8,575.8,575.8,575.8,575.8,36301200
2018-11-06,566,566,566,566,566,36301200
2018-11-07,566.4,566.4,566.4,566.4,566.4,36301200
2018-11-08,570.34,570.34,570.34,570.34,570.34,36301200
2018-11-09,562,562,562,562,562,36301200
2018-11-12,552,552,552,552,552,36301200
2018-11-13,570,570,570,570,570,36301200
2018-11-14,555.1,555.1,555.1,555.1,555.1,36301200
2018-11-15,559.7,559.7,559.7,559.7,559.7,36301200
2018-11-16,560,560,560,560,560,36301200
2018-11-19,569.02,569.02,569.02,569.02,569.02,36301200
2018-11-20,561.6,561.6,561.6,561.6,561.6,36301200
2018-11-21,564.7,564.7,564.7,564.7,564.7,36301200
2018-11-22,564.5,564.5,564.5,564.5,564.5,36301200
2018-11-23,556.9,556.9,556.9,556.9,556.9,36301200
2018-11-26,552.11,552.11,552.11,552.11,552.11,36301200
2018-11-27,548.1,548.1,548.1,548.1,548.1,36301200
2018-11-28,557,557,557,557,557,36301200
2018-11-29,551.6,551.6,551.6,551.6,551.6,36301200
2018-11-30,565,565,565,565,565,36301200
2018-12-03,601.2,601.2,601.2,601.2,601.2,36301200
2018-12-04,602.23,602.23,602.23,602.23,602.23,36301200
2018-12-05,610.1,610.1,610.1,610.1,610.1,36301200
2018-12-06,591.8,591.8,591.8,591.8,591.8,36301200
2018-12-07,587,587,587,587,587,36301200
2018-12-10,577.23,577.23,577.23,577.23,577.23,36301200
2018-12-11,582.99,582.99,582.99,582.99,582.99,36301200
2018-12-12,589,589,589,589,589,36301200
2018-12-13,601.75,601.75,601.75,601.75,601.75,36301200
2018-12-14,592.96,592.96,592.96,592.96,592.96,36301200
2018-12-17,590.52,590.52,590.52,590.52,590.52,36301200
2018-12-18,590.94,590.94,590.94,590.94,590.94,36301200
2018-12-19,577.8,577.8,577.8,577.8,577.8,36301200
2018-12-20,574.5,574.5,574.5,574.5,574.5,36301200
2018-12-21,567.41,567.41,567.41,567.41,567.41,36301200
2018-12-24,568,568,568,568,568,36301200
2018-12-25,565.79,565.79,565.79,565.79,565.79,36301200
2018-12-26,560.08,560.08,560.08,560.08,560.08,36301200
2018-12-27,563,563,563,563,563,36301200
2018-12-28,590.01,590.01,590.01,590.01,590.01,36301200
